{
  "feature_names": [
    "avg_recession_fear",
    "rolling_3d",
    "rolling_7d",
    "volatility",
    "article_count",
    "momentum"
  ],
  "metrics": {
    "accuracy": 0.5234899328859061,
    "precision": 0.5617977528089888,
    "recall": 0.6097560975609756,
    "f1": 0.5847953216374269,
    "confusion_matrix": [
      [
        28,
        39
      ],
      [
        32,
        50
      ]
    ],
    "test_size": 149
  }
}