{
  "feature_names": [
    "avg_recession_fear",
    "rolling_3d",
    "rolling_7d",
    "volatility",
    "article_count",
    "momentum"
  ],
  "metrics": {
    "accuracy": 0.5066666666666667,
    "precision": 0.5490196078431373,
    "recall": 0.6666666666666666,
    "f1": 0.6021505376344086,
    "confusion_matrix": [
      [
        20,
        46
      ],
      [
        28,
        56
      ]
    ],
    "test_size": 150
  }
}